{"microtime":"1660909875.6944","block_name":"info","widget_name":"BlockBox","widget_params":"","sort_order":"0","settings":[{"microtime":"1660909875.6944","setting_name":"block_type","setting_value":"1","language_id":0,"visibility":""}],"css":{"current":[]},"translation":[],"sub_1":[{"microtime":"1660909904.8958","block_name":"block-220171","widget_name":"info\\Title","widget_params":"","sort_order":"0","settings":[{"microtime":"1660909904.8958","setting_name":"show_heading","setting_value":"h1","language_id":0,"visibility":""}],"css":{"current":[]},"translation":[]},{"microtime":"1660909928.5551","block_name":"block-220171","widget_name":"info\\Content","widget_params":null,"sort_order":"0","css":{"current":[]},"translation":[]}]}