{"microtime":"1660909255.361255","block_name":"packingslip","widget_name":"invoice\\Container","widget_params":"","sort_order":"7","settings":[{"microtime":"1660909255.361255","setting_name":"width","setting_value":"680","language_id":0,"visibility":""},{"microtime":"1660909255.361255","setting_name":"font-weight","setting_value":"400","language_id":0,"visibility":""},{"microtime":"1660909255.361255","setting_name":"font-size","setting_value":"12","language_id":0,"visibility":""},{"microtime":"1660909255.361255","setting_name":"padding-top","setting_value":"20","language_id":0,"visibility":""},{"microtime":"1660909255.361255","setting_name":"padding-bottom","setting_value":"20","language_id":0,"visibility":""}],"css":{"current":[]},"translation":[],"sub_1":[{"microtime":"1660909255.434125","block_name":"block-220132","widget_name":"BlockBox","widget_params":"","sort_order":"2","settings":[{"microtime":"1660909255.434125","setting_name":"block_type","setting_value":"2","language_id":0,"visibility":""},{"microtime":"1660909255.434125","setting_name":"font-weight","setting_value":"normal","language_id":0,"visibility":""},{"microtime":"1660909255.434125","setting_name":"padding-bottom","setting_value":"20","language_id":0,"visibility":""}],"css":{"current":[]},"translation":[],"sub_1":[{"microtime":"1660909255.43676","block_name":"block-220133","widget_name":"Logo","widget_params":"","sort_order":"1","settings":[{"microtime":"1660909255.43676","setting_name":"font-weight","setting_value":"400","language_id":0,"visibility":""},{"microtime":"1660909255.43676","setting_name":"padding-top","setting_value":"10","language_id":0,"visibility":""},{"microtime":"1660909255.43676","setting_name":"logo","setting_value":"theme\/img\/oscommerce_logo.jpg","language_id":"en","visibility":""}],"css":{"current":[]},"translation":[]}],"sub_2":[{"microtime":"1660909255.457117","block_name":"block-220133-2","widget_name":"BlockBox","widget_params":"","sort_order":"3","settings":[{"microtime":"1660909255.457117","setting_name":"block_type","setting_value":"11","language_id":0,"visibility":""},{"microtime":"1660909255.457117","setting_name":"font-weight","setting_value":"normal","language_id":0,"visibility":""}],"css":{"current":[]},"translation":[],"sub_1":[{"microtime":"1660909255.459490","block_name":"block-220135","widget_name":"Html_box","widget_params":"","sort_order":"0","settings":[{"microtime":"1660909255.459490","setting_name":"text","setting_value":"##TEXT_INVOICE_EMAIL##","language_id":0,"visibility":""},{"microtime":"1660909255.459490","setting_name":"text-align","setting_value":"right","language_id":0,"visibility":""}],"css":{"current":[]},"translation":{"main":{"TEXT_INVOICE_EMAIL":{"en":"Email:"}}}}],"sub_2":[{"microtime":"1660909255.462967","block_name":"block-220135-2","widget_name":"invoice\\StoreEmail","widget_params":"","sort_order":"1","settings":[{"microtime":"1660909255.462967","setting_name":"font-weight","setting_value":"normal","language_id":0,"visibility":""},{"microtime":"1660909255.462967","setting_name":"text-align","setting_value":"right","language_id":0,"visibility":""}],"css":{"current":[]},"translation":[]}]},{"microtime":"1660909255.4658","block_name":"block-220133-2","widget_name":"BlockBox","widget_params":"","sort_order":"2","settings":[{"microtime":"1660909255.4658","setting_name":"block_type","setting_value":"11","language_id":0,"visibility":""},{"microtime":"1660909255.4658","setting_name":"font-weight","setting_value":"normal","language_id":0,"visibility":""}],"css":{"current":[]},"translation":[],"sub_1":[{"microtime":"1660909255.46737","block_name":"block-220138","widget_name":"Html_box","widget_params":"","sort_order":"0","settings":[{"microtime":"1660909255.46737","setting_name":"text","setting_value":"##TEXT_INVOICE_PHONE##","language_id":0,"visibility":""},{"microtime":"1660909255.46737","setting_name":"font-weight","setting_value":"400","language_id":0,"visibility":""},{"microtime":"1660909255.46737","setting_name":"text-align","setting_value":"right","language_id":0,"visibility":""}],"css":{"current":[]},"translation":{"main":{"TEXT_INVOICE_PHONE":{"en":"Phone:"}}}}],"sub_2":[{"microtime":"1660909255.4752","block_name":"block-220138-2","widget_name":"invoice\\StorePhone","widget_params":"","sort_order":"1","settings":[{"microtime":"1660909255.4752","setting_name":"font-weight","setting_value":"normal","language_id":0,"visibility":""},{"microtime":"1660909255.4752","setting_name":"text-align","setting_value":"right","language_id":0,"visibility":""}],"css":{"current":[]},"translation":[]}]},{"microtime":"1660909255.47222","block_name":"block-220133-2","widget_name":"BlockBox","widget_params":"","sort_order":"1","settings":[{"microtime":"1660909255.47222","setting_name":"block_type","setting_value":"1","language_id":0,"visibility":""}],"css":{"current":[]},"translation":[],"sub_1":[{"microtime":"1660909255.473854","block_name":"block-220141","widget_name":"invoice\\StoreAddress","widget_params":"","sort_order":"1","settings":[{"microtime":"1660909255.473854","setting_name":"font-weight","setting_value":"400","language_id":0,"visibility":""},{"microtime":"1660909255.473854","setting_name":"text-align","setting_value":"right","language_id":0,"visibility":""},{"microtime":"1660909255.473854","setting_name":"padding-bottom","setting_value":"10","language_id":0,"visibility":""},{"microtime":"1660909255.473854","setting_name":"address_spacer","setting_value":",","language_id":0,"visibility":""},{"microtime":"1660909255.473854","setting_name":"font-size","setting_value":"12","language_id":0,"visibility":""}],"css":{"current":[]},"translation":[]}]},{"microtime":"1660909255.47646","block_name":"block-220133-2","widget_name":"BlockBox","widget_params":"","sort_order":"4","settings":[{"microtime":"1660909255.47646","setting_name":"block_type","setting_value":"11","language_id":0,"visibility":""},{"microtime":"1660909255.47646","setting_name":"font-weight","setting_value":"400","language_id":0,"visibility":""}],"css":{"current":[]},"translation":[],"sub_1":[{"microtime":"1660909255.478370","block_name":"block-220143","widget_name":"Html_box","widget_params":"","sort_order":"0","settings":[{"microtime":"1660909255.478370","setting_name":"text","setting_value":"##TEXT_INVOICE_WEB##","language_id":0,"visibility":""},{"microtime":"1660909255.478370","setting_name":"text-align","setting_value":"right","language_id":0,"visibility":""}],"css":{"current":[]},"translation":{"main":{"TEXT_INVOICE_WEB":{"en":"Web:"}}}}],"sub_2":[{"microtime":"1660909255.48140","block_name":"block-220143-2","widget_name":"invoice\\StoreSite","widget_params":"","sort_order":"1","settings":[{"microtime":"1660909255.48140","setting_name":"font-weight","setting_value":"normal","language_id":0,"visibility":""},{"microtime":"1660909255.48140","setting_name":"text-align","setting_value":"right","language_id":0,"visibility":""}],"css":{"current":[]},"translation":[]}]}]},{"microtime":"1660909255.48378","block_name":"block-220132","widget_name":"packingslip\\Products","widget_params":"","sort_order":"5","settings":[{"microtime":"1660909255.48378","setting_name":"font-weight","setting_value":"normal","language_id":0,"visibility":""},{"microtime":"1660909255.48378","setting_name":"padding-top","setting_value":"20","language_id":0,"visibility":""},{"microtime":"1660909255.48378","setting_name":"font-size","setting_value":"12","language_id":0,"visibility":""}],"css":{"current":[]},"translation":[]},{"microtime":"1660909255.48775","block_name":"block-220132","widget_name":"BlockBox","widget_params":"","sort_order":"6","settings":[{"microtime":"1660909255.48775","setting_name":"block_type","setting_value":"1","language_id":0,"visibility":""},{"microtime":"1660909255.48775","setting_name":"font-weight","setting_value":"normal","language_id":0,"visibility":""},{"microtime":"1660909255.48775","setting_name":"padding-top","setting_value":"10","language_id":0,"visibility":""},{"microtime":"1660909255.48775","setting_name":"padding-bottom","setting_value":"10","language_id":0,"visibility":""}],"css":{"current":[]},"translation":[],"sub_1":[{"microtime":"1660909255.49121","block_name":"block-220147","widget_name":"invoice\\StoreAddress","widget_params":"","sort_order":"2","css":{"current":[]},"translation":[]},{"microtime":"1660909255.493268","block_name":"block-220147","widget_name":"Html_box","widget_params":"","sort_order":"0","settings":[{"microtime":"1660909255.493268","setting_name":"text","setting_value":"##TEXT_INVOICE_IF_UNDELIVERED##","language_id":0,"visibility":""},{"microtime":"1660909255.493268","setting_name":"font-weight","setting_value":"bold","language_id":0,"visibility":""}],"css":{"current":[]},"translation":{"main":{"TEXT_INVOICE_IF_UNDELIVERED":{"en":"If undelivered please return to:"}}}}]},{"microtime":"1660909255.496688","block_name":"block-220132","widget_name":"BlockBox","widget_params":"","sort_order":"3","settings":[{"microtime":"1660909255.496688","setting_name":"block_type","setting_value":"4","language_id":0,"visibility":""},{"microtime":"1660909255.496688","setting_name":"font-weight","setting_value":"400","language_id":0,"visibility":""},{"microtime":"1660909255.496688","setting_name":"border-top-width","setting_value":"1","language_id":0,"visibility":""},{"microtime":"1660909255.496688","setting_name":"border-top-color","setting_value":"#e0e0e0","language_id":0,"visibility":""},{"microtime":"1660909255.496688","setting_name":"border-left-width","setting_value":"1","language_id":0,"visibility":""},{"microtime":"1660909255.496688","setting_name":"border-left-color","setting_value":"#e0e0e0","language_id":0,"visibility":""},{"microtime":"1660909255.496688","setting_name":"border-right-width","setting_value":"1","language_id":0,"visibility":""},{"microtime":"1660909255.496688","setting_name":"border-right-color","setting_value":"#e0e0e0","language_id":0,"visibility":""},{"microtime":"1660909255.496688","setting_name":"border-bottom-width","setting_value":"1","language_id":0,"visibility":""},{"microtime":"1660909255.496688","setting_name":"border-bottom-color","setting_value":"#e0e0e0","language_id":0,"visibility":""}],"css":{"current":[]},"translation":[],"sub_1":[{"microtime":"1660909255.50120","block_name":"block-220150","widget_name":"BlockBox","widget_params":"","sort_order":"2","settings":[{"microtime":"1660909255.50120","setting_name":"block_type","setting_value":"2","language_id":0,"visibility":""},{"microtime":"1660909255.50120","setting_name":"font-weight","setting_value":"normal","language_id":0,"visibility":""},{"microtime":"1660909255.50120","setting_name":"border-right-width","setting_value":"1","language_id":0,"visibility":""},{"microtime":"1660909255.50120","setting_name":"border-right-color","setting_value":"#e0e0e0","language_id":0,"visibility":""}],"css":{"current":[]},"translation":[],"sub_1":[{"microtime":"1660909255.503983","block_name":"block-220151","widget_name":"BlockBox","widget_params":"","sort_order":"1","settings":[{"microtime":"1660909255.503983","setting_name":"block_type","setting_value":"1","language_id":0,"visibility":""},{"microtime":"1660909255.503983","setting_name":"font-weight","setting_value":"normal","language_id":0,"visibility":""},{"microtime":"1660909255.503983","setting_name":"border-right-width","setting_value":"1","language_id":0,"visibility":""},{"microtime":"1660909255.503983","setting_name":"border-right-color","setting_value":"#e0e0e0","language_id":0,"visibility":""},{"microtime":"1660909255.503983","setting_name":"background-color","setting_value":"#eeeeee","language_id":0,"visibility":""},{"microtime":"1660909255.503983","setting_name":"padding-top","setting_value":"10","language_id":0,"visibility":""},{"microtime":"1660909255.503983","setting_name":"padding-left","setting_value":"10","language_id":0,"visibility":""},{"microtime":"1660909255.503983","setting_name":"padding-right","setting_value":"10","language_id":0,"visibility":""},{"microtime":"1660909255.503983","setting_name":"padding-bottom","setting_value":"10","language_id":0,"visibility":""}],"css":{"current":[]},"translation":[],"sub_1":[{"microtime":"1660909255.512365","block_name":"block-220152","widget_name":"invoice\\ShippingAddress","widget_params":"","sort_order":"2","settings":[{"microtime":"1660909255.512365","setting_name":"font-size","setting_value":"12","language_id":0,"visibility":""},{"microtime":"1660909255.512365","setting_name":"font-weight","setting_value":"normal","language_id":0,"visibility":""}],"css":{"current":[]},"translation":[]},{"microtime":"1660909255.51536","block_name":"block-220152","widget_name":"Html_box","widget_params":"","sort_order":"0","settings":[{"microtime":"1660909255.51536","setting_name":"text","setting_value":"##SHIPPING_ADDRESS##:","language_id":0,"visibility":""},{"microtime":"1660909255.51536","setting_name":"font-size","setting_value":"13","language_id":0,"visibility":""},{"microtime":"1660909255.51536","setting_name":"font-weight","setting_value":"bold","language_id":0,"visibility":""},{"microtime":"1660909255.51536","setting_name":"text-transform","setting_value":"uppercase","language_id":0,"visibility":""}],"css":{"current":[]},"translation":{"main":{"SHIPPING_ADDRESS":{"en":"Shipping address"}},"shopping-cart":{"SHIPPING_ADDRESS":{"en":"Shipping address"}}}}]}],"sub_2":[{"microtime":"1660909255.521989","block_name":"block-220151-2","widget_name":"BlockBox","widget_params":"","sort_order":"1","settings":[{"microtime":"1660909255.521989","setting_name":"block_type","setting_value":"1","language_id":0,"visibility":""},{"microtime":"1660909255.521989","setting_name":"font-weight","setting_value":"normal","language_id":0,"visibility":""},{"microtime":"1660909255.521989","setting_name":"padding-top","setting_value":"10","language_id":0,"visibility":""},{"microtime":"1660909255.521989","setting_name":"padding-left","setting_value":"10","language_id":0,"visibility":""},{"microtime":"1660909255.521989","setting_name":"padding-right","setting_value":"10","language_id":0,"visibility":""},{"microtime":"1660909255.521989","setting_name":"padding-bottom","setting_value":"10","language_id":0,"visibility":""}],"css":{"current":[]},"translation":[],"sub_1":[{"microtime":"1660909255.525324","block_name":"block-220155","widget_name":"invoice\\CustomerName","widget_params":"","sort_order":"2","settings":[{"microtime":"1660909255.525324","setting_name":"font-size","setting_value":"12","language_id":0,"visibility":""}],"css":{"current":[]},"translation":[]},{"microtime":"1660909255.527462","block_name":"block-220155","widget_name":"invoice\\CustomerEmail","widget_params":"","sort_order":"6","css":{"current":[]},"translation":[]},{"microtime":"1660909255.529135","block_name":"block-220155","widget_name":"invoice\\CustomerPhone","widget_params":"","sort_order":"4","settings":[{"microtime":"1660909255.529135","setting_name":"font-size","setting_value":"12","language_id":0,"visibility":""}],"css":{"current":[]},"translation":[]},{"microtime":"1660909255.531175","block_name":"block-220155","widget_name":"Html_box","widget_params":"","sort_order":"1","settings":[{"microtime":"1660909255.531175","setting_name":"text","setting_value":"##TEXT_INVOICE_CUSTOMER##","language_id":0,"visibility":""},{"microtime":"1660909255.531175","setting_name":"font-size","setting_value":"13","language_id":0,"visibility":""},{"microtime":"1660909255.531175","setting_name":"font-weight","setting_value":"bold","language_id":0,"visibility":""},{"microtime":"1660909255.531175","setting_name":"text-transform","setting_value":"uppercase","language_id":0,"visibility":""}],"css":{"current":[]},"translation":{"main":{"TEXT_INVOICE_CUSTOMER":{"en":"Customer:"}}}},{"microtime":"1660909255.534572","block_name":"block-220155","widget_name":"Html_box","widget_params":"","sort_order":"3","settings":[{"microtime":"1660909255.534572","setting_name":"text","setting_value":"##TEXT_INVOICE_PHONE_NUMBER##","language_id":0,"visibility":""},{"microtime":"1660909255.534572","setting_name":"font-size","setting_value":"13","language_id":0,"visibility":""},{"microtime":"1660909255.534572","setting_name":"font-weight","setting_value":"bold","language_id":0,"visibility":""},{"microtime":"1660909255.534572","setting_name":"text-transform","setting_value":"uppercase","language_id":0,"visibility":""},{"microtime":"1660909255.534572","setting_name":"padding-top","setting_value":"10","language_id":0,"visibility":""}],"css":{"current":[]},"translation":{"main":{"TEXT_INVOICE_PHONE_NUMBER":{"en":"Phone Number:"}}}},{"microtime":"1660909255.538346","block_name":"block-220155","widget_name":"Html_box","widget_params":"","sort_order":"5","settings":[{"microtime":"1660909255.538346","setting_name":"text","setting_value":"##TEXT_INVOICE_EMAIL_ADDRESS##","language_id":0,"visibility":""},{"microtime":"1660909255.538346","setting_name":"font-size","setting_value":"13","language_id":0,"visibility":""},{"microtime":"1660909255.538346","setting_name":"font-weight","setting_value":"bold","language_id":0,"visibility":""},{"microtime":"1660909255.538346","setting_name":"text-transform","setting_value":"uppercase","language_id":0,"visibility":""},{"microtime":"1660909255.538346","setting_name":"padding-top","setting_value":"10","language_id":0,"visibility":""}],"css":{"current":[]},"translation":{"main":{"TEXT_INVOICE_EMAIL_ADDRESS":{"en":"Email Address:"}}}}]}]},{"microtime":"1660909255.541955","block_name":"block-220150","widget_name":"BlockBox","widget_params":"","sort_order":"3","settings":[{"microtime":"1660909255.541955","setting_name":"block_type","setting_value":"2","language_id":0,"visibility":""},{"microtime":"1660909255.541955","setting_name":"font-weight","setting_value":"normal","language_id":0,"visibility":""},{"microtime":"1660909255.541955","setting_name":"border-right-width","setting_value":"1","language_id":0,"visibility":""},{"microtime":"1660909255.541955","setting_name":"border-right-color","setting_value":"#e0e0e0","language_id":0,"visibility":""},{"microtime":"1660909255.541955","setting_name":"border-top-width","setting_value":"1","language_id":0,"visibility":""},{"microtime":"1660909255.541955","setting_name":"border-top-color","setting_value":"#e0e0e0","language_id":0,"visibility":""}],"css":{"current":[]},"translation":[],"sub_1":[{"microtime":"1660909255.545265","block_name":"block-220162","widget_name":"BlockBox","widget_params":"","sort_order":"1","settings":[{"microtime":"1660909255.545265","setting_name":"block_type","setting_value":"1","language_id":0,"visibility":""},{"microtime":"1660909255.545265","setting_name":"font-weight","setting_value":"normal","language_id":0,"visibility":""},{"microtime":"1660909255.545265","setting_name":"padding-top","setting_value":"10","language_id":0,"visibility":""},{"microtime":"1660909255.545265","setting_name":"padding-left","setting_value":"10","language_id":0,"visibility":""},{"microtime":"1660909255.545265","setting_name":"padding-right","setting_value":"10","language_id":0,"visibility":""},{"microtime":"1660909255.545265","setting_name":"padding-bottom","setting_value":"10","language_id":0,"visibility":""},{"microtime":"1660909255.545265","setting_name":"border-right-width","setting_value":"1","language_id":0,"visibility":""},{"microtime":"1660909255.545265","setting_name":"border-right-color","setting_value":"#e0e0e0","language_id":0,"visibility":""}],"css":{"current":[]},"translation":[],"sub_1":[{"microtime":"1660909255.54933","block_name":"block-220163","widget_name":"invoice\\ShippingMethod","widget_params":"","sort_order":"2","css":{"current":[]},"translation":[]},{"microtime":"1660909255.55119","block_name":"block-220163","widget_name":"Html_box","widget_params":"","sort_order":"0","settings":[{"microtime":"1660909255.55119","setting_name":"text","setting_value":"##TEXT_INVOICE_SHIPPING_VIA##","language_id":0,"visibility":""},{"microtime":"1660909255.55119","setting_name":"font-weight","setting_value":"bold","language_id":0,"visibility":""}],"css":{"current":[]},"translation":{"main":{"TEXT_INVOICE_SHIPPING_VIA":{"en":"Shipping via"}}}}]}],"sub_2":[{"microtime":"1660909255.554317","block_name":"block-220162-2","widget_name":"BlockBox","widget_params":"","sort_order":"1","settings":[{"microtime":"1660909255.554317","setting_name":"block_type","setting_value":"1","language_id":0,"visibility":""},{"microtime":"1660909255.554317","setting_name":"font-weight","setting_value":"normal","language_id":0,"visibility":""},{"microtime":"1660909255.554317","setting_name":"padding-top","setting_value":"10","language_id":0,"visibility":""},{"microtime":"1660909255.554317","setting_name":"padding-left","setting_value":"10","language_id":0,"visibility":""},{"microtime":"1660909255.554317","setting_name":"padding-right","setting_value":"10","language_id":0,"visibility":""},{"microtime":"1660909255.554317","setting_name":"padding-bottom","setting_value":"10","language_id":0,"visibility":""}],"css":{"current":[]},"translation":[],"sub_1":[{"microtime":"1660909255.557746","block_name":"block-220166","widget_name":"invoice\\ShippingMethod","widget_params":"","sort_order":"2","css":{"current":[]},"translation":[]},{"microtime":"1660909255.559736","block_name":"block-220166","widget_name":"Html_box","widget_params":"","sort_order":"0","settings":[{"microtime":"1660909255.559736","setting_name":"text","setting_value":"##TEXT_INVOICE_SHIPPING_SERVICE##","language_id":0,"visibility":""},{"microtime":"1660909255.559736","setting_name":"font-weight","setting_value":"bold","language_id":0,"visibility":""}],"css":{"current":[]},"translation":{"main":{"TEXT_INVOICE_SHIPPING_SERVICE":{"en":"Shipping service"}}}}]}]}],"sub_2":[{"microtime":"1660909255.562968","block_name":"block-220150-2","widget_name":"invoice\\AddressQrcode","widget_params":"","sort_order":"1","settings":[{"microtime":"1660909255.562968","setting_name":"font-weight","setting_value":"normal","language_id":0,"visibility":""},{"microtime":"1660909255.562968","setting_name":"text-align","setting_value":"center","language_id":0,"visibility":""},{"microtime":"1660909255.562968","setting_name":"padding-top","setting_value":"40","language_id":0,"visibility":""}],"css":{"current":[]},"translation":[]}]},{"microtime":"1660909255.567853","block_name":"block-220132","widget_name":"Neighbour\\PackingSlipInfo","widget_params":"","sort_order":"4","settings":[{"microtime":"1660909255.567853","setting_name":"padding-top","setting_value":"15","language_id":0,"visibility":""}],"css":{"current":[]},"translation":[]}]}