{"microtime":"1660909048.143978","block_name":"invoice","widget_name":"invoice\\Container","widget_params":"","sort_order":"6","settings":[{"microtime":"1660909048.143978","setting_name":"width","setting_value":"680","language_id":0,"visibility":""},{"microtime":"1660909048.143978","setting_name":"font-weight","setting_value":"normal","language_id":0,"visibility":""},{"microtime":"1660909048.143978","setting_name":"font-size","setting_value":"12","language_id":0,"visibility":""},{"microtime":"1660909048.143978","setting_name":"padding-top","setting_value":"20","language_id":0,"visibility":""},{"microtime":"1660909048.143978","setting_name":"padding-bottom","setting_value":"20","language_id":0,"visibility":""},{"microtime":"1660909048.143978","setting_name":"color","setting_value":"#424242","language_id":0,"visibility":""}],"css":{"current":[]},"translation":[],"sub_1":[{"microtime":"1660909048.175228","block_name":"block-220072","widget_name":"BlockBox","widget_params":"","sort_order":"4","settings":[{"microtime":"1660909048.175228","setting_name":"block_type","setting_value":"4","language_id":0,"visibility":""},{"microtime":"1660909048.175228","setting_name":"font-weight","setting_value":"normal","language_id":0,"visibility":""},{"microtime":"1660909048.175228","setting_name":"border-top-width","setting_value":"1","language_id":0,"visibility":""},{"microtime":"1660909048.175228","setting_name":"border-top-color","setting_value":"#e0e0e0","language_id":0,"visibility":""},{"microtime":"1660909048.175228","setting_name":"border-left-width","setting_value":"1","language_id":0,"visibility":""},{"microtime":"1660909048.175228","setting_name":"border-left-color","setting_value":"#e0e0e0","language_id":0,"visibility":""},{"microtime":"1660909048.175228","setting_name":"border-right-width","setting_value":"1","language_id":0,"visibility":""},{"microtime":"1660909048.175228","setting_name":"border-right-color","setting_value":"#e0e0e0","language_id":0,"visibility":""},{"microtime":"1660909048.175228","setting_name":"border-bottom-width","setting_value":"1","language_id":0,"visibility":""},{"microtime":"1660909048.175228","setting_name":"border-bottom-color","setting_value":"#e0e0e0","language_id":0,"visibility":""}],"css":{"current":[]},"translation":[],"sub_1":[{"microtime":"1660909048.178834","block_name":"block-220073","widget_name":"BlockBox","widget_params":"","sort_order":"8","settings":[{"microtime":"1660909048.178834","setting_name":"block_type","setting_value":"2","language_id":0,"visibility":""},{"microtime":"1660909048.178834","setting_name":"font-weight","setting_value":"normal","language_id":0,"visibility":""},{"microtime":"1660909048.178834","setting_name":"border-top-width","setting_value":"1","language_id":0,"visibility":""},{"microtime":"1660909048.178834","setting_name":"border-top-color","setting_value":"#e0e0e0","language_id":0,"visibility":""},{"microtime":"1660909048.178834","setting_name":"border-right-width","setting_value":"1","language_id":0,"visibility":""},{"microtime":"1660909048.178834","setting_name":"border-right-color","setting_value":"#e0e0e0","language_id":0,"visibility":""}],"css":{"current":[]},"translation":[],"sub_1":[{"microtime":"1660909048.181580","block_name":"block-220074","widget_name":"BlockBox","widget_params":"","sort_order":"1","settings":[{"microtime":"1660909048.181580","setting_name":"block_type","setting_value":"1","language_id":0,"visibility":""},{"microtime":"1660909048.181580","setting_name":"font-weight","setting_value":"normal","language_id":0,"visibility":""},{"microtime":"1660909048.181580","setting_name":"padding-top","setting_value":"10","language_id":0,"visibility":""},{"microtime":"1660909048.181580","setting_name":"padding-left","setting_value":"10","language_id":0,"visibility":""},{"microtime":"1660909048.181580","setting_name":"padding-right","setting_value":"10","language_id":0,"visibility":""},{"microtime":"1660909048.181580","setting_name":"padding-bottom","setting_value":"10","language_id":0,"visibility":""},{"microtime":"1660909048.181580","setting_name":"border-right-width","setting_value":"1","language_id":0,"visibility":""},{"microtime":"1660909048.181580","setting_name":"border-right-color","setting_value":"#e0e0e0","language_id":0,"visibility":""}],"css":{"current":[]},"translation":[],"sub_1":[{"microtime":"1660909048.184691","block_name":"block-220075","widget_name":"invoice\\ShippingMethod","widget_params":"","sort_order":"2","css":{"current":[]},"translation":[]},{"microtime":"1660909048.18699","block_name":"block-220075","widget_name":"Html_box","widget_params":"","sort_order":"0","settings":[{"microtime":"1660909048.18699","setting_name":"text","setting_value":"##TEXT_INVOICE_SHIPPING_VIA##","language_id":0,"visibility":""},{"microtime":"1660909048.18699","setting_name":"font-size","setting_value":"14","language_id":0,"visibility":""},{"microtime":"1660909048.18699","setting_name":"font-weight","setting_value":"bold","language_id":0,"visibility":""}],"css":{"current":[]},"translation":{"main":{"TEXT_INVOICE_SHIPPING_VIA":{"en":"Shipping via"}}}}]}],"sub_2":[{"microtime":"1660909048.18929","block_name":"block-220074-2","widget_name":"BlockBox","widget_params":"","sort_order":"1","settings":[{"microtime":"1660909048.18929","setting_name":"block_type","setting_value":"1","language_id":0,"visibility":""},{"microtime":"1660909048.18929","setting_name":"font-weight","setting_value":"normal","language_id":0,"visibility":""},{"microtime":"1660909048.18929","setting_name":"padding-top","setting_value":"10","language_id":0,"visibility":""},{"microtime":"1660909048.18929","setting_name":"padding-left","setting_value":"10","language_id":0,"visibility":""},{"microtime":"1660909048.18929","setting_name":"padding-right","setting_value":"10","language_id":0,"visibility":""},{"microtime":"1660909048.18929","setting_name":"padding-bottom","setting_value":"10","language_id":0,"visibility":""}],"css":{"current":[]},"translation":[],"sub_1":[{"microtime":"1660909048.191929","block_name":"block-220078","widget_name":"invoice\\ShippingMethod","widget_params":"","sort_order":"2","css":{"current":[]},"translation":[]},{"microtime":"1660909048.193363","block_name":"block-220078","widget_name":"Html_box","widget_params":"","sort_order":"0","settings":[{"microtime":"1660909048.193363","setting_name":"text","setting_value":"##TEXT_INVOICE_SHIPPING_SERVICE##","language_id":0,"visibility":""},{"microtime":"1660909048.193363","setting_name":"font-size","setting_value":"14","language_id":0,"visibility":""},{"microtime":"1660909048.193363","setting_name":"font-weight","setting_value":"bold","language_id":0,"visibility":""}],"css":{"current":[]},"translation":{"main":{"TEXT_INVOICE_SHIPPING_SERVICE":{"en":"Shipping service"}}}}]}]},{"microtime":"1660909048.195856","block_name":"block-220073","widget_name":"BlockBox","widget_params":"","sort_order":"7","settings":[{"microtime":"1660909048.195856","setting_name":"block_type","setting_value":"2","language_id":0,"visibility":""},{"microtime":"1660909048.195856","setting_name":"font-weight","setting_value":"normal","language_id":0,"visibility":""},{"microtime":"1660909048.195856","setting_name":"border-right-width","setting_value":"1","language_id":0,"visibility":""},{"microtime":"1660909048.195856","setting_name":"border-right-color","setting_value":"#e0e0e0","language_id":0,"visibility":""}],"css":{"current":[]},"translation":[],"sub_1":[{"microtime":"1660909048.197982","block_name":"block-220081","widget_name":"BlockBox","widget_params":"","sort_order":"2","settings":[{"microtime":"1660909048.197982","setting_name":"block_type","setting_value":"1","language_id":0,"visibility":""},{"microtime":"1660909048.197982","setting_name":"font-weight","setting_value":"400","language_id":0,"visibility":""},{"microtime":"1660909048.197982","setting_name":"background-color","setting_value":"#eeeeee","language_id":0,"visibility":""},{"microtime":"1660909048.197982","setting_name":"padding-top","setting_value":"10","language_id":0,"visibility":""},{"microtime":"1660909048.197982","setting_name":"padding-left","setting_value":"10","language_id":0,"visibility":""},{"microtime":"1660909048.197982","setting_name":"padding-right","setting_value":"10","language_id":0,"visibility":""},{"microtime":"1660909048.197982","setting_name":"padding-bottom","setting_value":"30","language_id":0,"visibility":""}],"css":{"current":[]},"translation":[],"sub_1":[{"microtime":"1660909048.200684","block_name":"block-220082","widget_name":"invoice\\BillingAddress","widget_params":"","sort_order":"3","settings":[{"microtime":"1660909048.200684","setting_name":"font-size","setting_value":"12","language_id":0,"visibility":""}],"css":{"current":[]},"translation":[]},{"microtime":"1660909048.202251","block_name":"block-220082","widget_name":"Html_box","widget_params":"","sort_order":"0","settings":[{"microtime":"1660909048.202251","setting_name":"text","setting_value":"##TEXT_INVOICE_ADDRESS##","language_id":0,"visibility":""},{"microtime":"1660909048.202251","setting_name":"font-size","setting_value":"14","language_id":0,"visibility":""},{"microtime":"1660909048.202251","setting_name":"font-weight","setting_value":"bold","language_id":0,"visibility":""},{"microtime":"1660909048.202251","setting_name":"text-transform","setting_value":"uppercase","language_id":0,"visibility":""}],"css":{"current":[]},"translation":{"main":{"TEXT_INVOICE_ADDRESS":{"en":"Invoice Address:"}}}}]},{"microtime":"1660909048.20573","block_name":"block-220081","widget_name":"GiftWrapMessage\\ShowInfo","widget_params":"","sort_order":"1","css":{"current":[]},"translation":[]}],"sub_2":[{"microtime":"1660909048.20641","block_name":"block-220081-2","widget_name":"BlockBox","widget_params":"","sort_order":"1","settings":[{"microtime":"1660909048.20641","setting_name":"block_type","setting_value":"1","language_id":0,"visibility":""},{"microtime":"1660909048.20641","setting_name":"font-weight","setting_value":"normal","language_id":0,"visibility":""},{"microtime":"1660909048.20641","setting_name":"padding-top","setting_value":"10","language_id":0,"visibility":""},{"microtime":"1660909048.20641","setting_name":"padding-left","setting_value":"10","language_id":0,"visibility":""},{"microtime":"1660909048.20641","setting_name":"padding-right","setting_value":"10","language_id":0,"visibility":""},{"microtime":"1660909048.20641","setting_name":"padding-bottom","setting_value":"10","language_id":0,"visibility":""}],"css":{"current":[]},"translation":[],"sub_1":[{"microtime":"1660909048.208985","block_name":"block-220086","widget_name":"invoice\\CustomerName","widget_params":"","sort_order":"2","settings":[{"microtime":"1660909048.208985","setting_name":"font-weight","setting_value":"normal","language_id":0,"visibility":""}],"css":{"current":[]},"translation":[]},{"microtime":"1660909048.210587","block_name":"block-220086","widget_name":"invoice\\CustomerPhone","widget_params":"","sort_order":"4","settings":[{"microtime":"1660909048.210587","setting_name":"font-weight","setting_value":"normal","language_id":0,"visibility":""}],"css":{"current":[]},"translation":[]},{"microtime":"1660909048.212180","block_name":"block-220086","widget_name":"invoice\\CustomerEmail","widget_params":"","sort_order":"7","css":{"current":[]},"translation":[]},{"microtime":"1660909048.213372","block_name":"block-220086","widget_name":"Html_box","widget_params":"","sort_order":"1","settings":[{"microtime":"1660909048.213372","setting_name":"text","setting_value":"##TEXT_INVOICE_CUSTOMER##","language_id":0,"visibility":""},{"microtime":"1660909048.213372","setting_name":"font-size","setting_value":"14","language_id":0,"visibility":""},{"microtime":"1660909048.213372","setting_name":"font-weight","setting_value":"bold","language_id":0,"visibility":""},{"microtime":"1660909048.213372","setting_name":"text-transform","setting_value":"uppercase","language_id":0,"visibility":""}],"css":{"current":[]},"translation":{"main":{"TEXT_INVOICE_CUSTOMER":{"en":"Customer:"}}}},{"microtime":"1660909048.215936","block_name":"block-220086","widget_name":"Html_box","widget_params":"","sort_order":"3","settings":[{"microtime":"1660909048.215936","setting_name":"text","setting_value":"##TEXT_INVOICE_PHONE_NUMBER##","language_id":0,"visibility":""},{"microtime":"1660909048.215936","setting_name":"text-transform","setting_value":"uppercase","language_id":0,"visibility":""},{"microtime":"1660909048.215936","setting_name":"font-weight","setting_value":"bold","language_id":0,"visibility":""},{"microtime":"1660909048.215936","setting_name":"font-size","setting_value":"14","language_id":0,"visibility":""},{"microtime":"1660909048.215936","setting_name":"padding-top","setting_value":"10","language_id":0,"visibility":""}],"css":{"current":[]},"translation":{"main":{"TEXT_INVOICE_PHONE_NUMBER":{"en":"Phone Number:"}}}},{"microtime":"1660909048.218674","block_name":"block-220086","widget_name":"Html_box","widget_params":"","sort_order":"5","settings":[{"microtime":"1660909048.218674","setting_name":"text","setting_value":"##TEXT_INVOICE_EMAIL_ADDRESS##","language_id":0,"visibility":""},{"microtime":"1660909048.218674","setting_name":"font-size","setting_value":"14","language_id":0,"visibility":""},{"microtime":"1660909048.218674","setting_name":"font-weight","setting_value":"bold","language_id":0,"visibility":""},{"microtime":"1660909048.218674","setting_name":"text-transform","setting_value":"uppercase","language_id":0,"visibility":""},{"microtime":"1660909048.218674","setting_name":"padding-top","setting_value":"10","language_id":0,"visibility":""}],"css":{"current":[]},"translation":{"main":{"TEXT_INVOICE_EMAIL_ADDRESS":{"en":"Email Address:"}}}}]}]}],"sub_2":[{"microtime":"1660909048.221327","block_name":"block-220073-2","widget_name":"invoice\\PaymentMethod","widget_params":"","sort_order":"6","settings":[{"microtime":"1660909048.221327","setting_name":"font-weight","setting_value":"normal","language_id":0,"visibility":""},{"microtime":"1660909048.221327","setting_name":"text-align","setting_value":"center","language_id":0,"visibility":""},{"microtime":"1660909048.221327","setting_name":"padding-bottom","setting_value":"20","language_id":0,"visibility":""}],"css":{"current":[]},"translation":[]},{"microtime":"1660909048.223134","block_name":"block-220073-2","widget_name":"invoice\\OrderId","widget_params":"","sort_order":"1","settings":[{"microtime":"1660909048.223134","setting_name":"font-size","setting_value":"14","language_id":0,"visibility":""},{"microtime":"1660909048.223134","setting_name":"font-weight","setting_value":"bold","language_id":0,"visibility":""},{"microtime":"1660909048.223134","setting_name":"text-align","setting_value":"center","language_id":0,"visibility":""},{"microtime":"1660909048.223134","setting_name":"padding-bottom","setting_value":"10","language_id":0,"visibility":""},{"microtime":"1660909048.223134","setting_name":"padding-top","setting_value":"10","language_id":0,"visibility":""}],"css":{"current":[]},"translation":[]},{"microtime":"1660909048.225313","block_name":"block-220073-2","widget_name":"invoice\\PaymentDate","widget_params":"","sort_order":"3","settings":[{"microtime":"1660909048.225313","setting_name":"font-weight","setting_value":"normal","language_id":0,"visibility":""},{"microtime":"1660909048.225313","setting_name":"text-align","setting_value":"center","language_id":0,"visibility":""},{"microtime":"1660909048.225313","setting_name":"padding-bottom","setting_value":"10","language_id":0,"visibility":""}],"css":{"current":[]},"translation":[]},{"microtime":"1660909048.22772","block_name":"block-220073-2","widget_name":"invoice\\OrderBarcode","widget_params":"","sort_order":"7","settings":[{"microtime":"1660909048.22772","setting_name":"font-weight","setting_value":"normal","language_id":0,"visibility":""},{"microtime":"1660909048.22772","setting_name":"text-align","setting_value":"center","language_id":0,"visibility":""}],"css":{"current":[]},"translation":[]},{"microtime":"1660909048.228649","block_name":"block-220073-2","widget_name":"Html_box","widget_params":"","sort_order":"2","settings":[{"microtime":"1660909048.228649","setting_name":"text","setting_value":"##TEXT_INVOICE_PAYMENT_DATE##","language_id":0,"visibility":""},{"microtime":"1660909048.228649","setting_name":"font-size","setting_value":"12","language_id":0,"visibility":""},{"microtime":"1660909048.228649","setting_name":"font-weight","setting_value":"bold","language_id":0,"visibility":""},{"microtime":"1660909048.228649","setting_name":"text-align","setting_value":"center","language_id":0,"visibility":""}],"css":{"current":[]},"translation":{"main":{"TEXT_INVOICE_PAYMENT_DATE":{"en":"Payment date:"}}}},{"microtime":"1660909048.2314","block_name":"block-220073-2","widget_name":"Html_box","widget_params":"","sort_order":"5","settings":[{"microtime":"1660909048.2314","setting_name":"text","setting_value":"##TEXT_INVOICE_PAYMENT_METHOD##","language_id":0,"visibility":""},{"microtime":"1660909048.2314","setting_name":"font-size","setting_value":"12","language_id":0,"visibility":""},{"microtime":"1660909048.2314","setting_name":"font-weight","setting_value":"bold","language_id":0,"visibility":""},{"microtime":"1660909048.2314","setting_name":"text-align","setting_value":"center","language_id":0,"visibility":""}],"css":{"current":[]},"translation":{"main":{"TEXT_INVOICE_PAYMENT_METHOD":{"en":"Payment Method:"}}}}]},{"microtime":"1660909048.233425","block_name":"block-220072","widget_name":"BlockBox","widget_params":"","sort_order":"8","settings":[{"microtime":"1660909048.233425","setting_name":"block_type","setting_value":"3","language_id":0,"visibility":""},{"microtime":"1660909048.233425","setting_name":"font-weight","setting_value":"normal","language_id":0,"visibility":""},{"microtime":"1660909048.233425","setting_name":"padding-top","setting_value":"20","language_id":0,"visibility":""}],"css":{"current":[]},"translation":[],"sub_1":[{"microtime":"1660909048.235244","block_name":"block-220099","widget_name":"invoice\\StoreAddress","widget_params":"","sort_order":"8","settings":[{"microtime":"1660909048.235244","setting_name":"font-size","setting_value":"12","language_id":0,"visibility":""}],"css":{"current":[]},"translation":[]},{"microtime":"1660909048.23665","block_name":"block-220099","widget_name":"Html_box","widget_params":"","sort_order":"0","settings":[{"microtime":"1660909048.23665","setting_name":"text","setting_value":"##TEXT_INVOICE_IF_UNDELIVERED##","language_id":0,"visibility":""},{"microtime":"1660909048.23665","setting_name":"font-size","setting_value":"12","language_id":0,"visibility":""},{"microtime":"1660909048.23665","setting_name":"font-weight","setting_value":"bold","language_id":0,"visibility":""}],"css":{"current":[]},"translation":{"main":{"TEXT_INVOICE_IF_UNDELIVERED":{"en":"If undelivered please return to:"}}}}],"sub_2":[{"microtime":"1660909048.238978","block_name":"block-220099-2","widget_name":"Html_box","widget_params":"","sort_order":"1","settings":[{"microtime":"1660909048.238978","setting_name":"text","setting_value":"##TEXT_INVOICE_THANK_YOU_FOR_ORDER##","language_id":0,"visibility":""},{"microtime":"1660909048.238978","setting_name":"color","setting_value":"#1da1f2","language_id":0,"visibility":""},{"microtime":"1660909048.238978","setting_name":"font-size","setting_value":"13","language_id":0,"visibility":""},{"microtime":"1660909048.238978","setting_name":"font-weight","setting_value":"bold","language_id":0,"visibility":""},{"microtime":"1660909048.238978","setting_name":"text-align","setting_value":"center","language_id":0,"visibility":""},{"microtime":"1660909048.238978","setting_name":"padding-top","setting_value":"5","language_id":0,"visibility":""}],"css":{"current":[]},"translation":{"main":{"TEXT_INVOICE_THANK_YOU_FOR_ORDER":{"en":"Thank you for your order"}}}}],"sub_3":[{"microtime":"1660909048.241733","block_name":"block-220099-3","widget_name":"BlockBox","widget_params":"","sort_order":"4","settings":[{"microtime":"1660909048.241733","setting_name":"block_type","setting_value":"6","language_id":0,"visibility":""},{"microtime":"1660909048.241733","setting_name":"font-weight","setting_value":"normal","language_id":0,"visibility":""},{"microtime":"1660909048.241733","setting_name":"font-size","setting_value":"16","language_id":0,"visibility":""}],"css":{"current":[]},"translation":[],"sub_1":[{"microtime":"1660909048.243446","block_name":"block-220103","widget_name":"Html_box","widget_params":"","sort_order":"0","settings":[{"microtime":"1660909048.243446","setting_name":"text","setting_value":"##TEXT_INVOICE_EMAIL##","language_id":0,"visibility":""},{"microtime":"1660909048.243446","setting_name":"font-size","setting_value":"12","language_id":0,"visibility":""},{"microtime":"1660909048.243446","setting_name":"text-align","setting_value":"right","language_id":0,"visibility":""},{"microtime":"1660909048.243446","setting_name":"font-weight","setting_value":"400","language_id":0,"visibility":""}],"css":{"current":[]},"translation":{"main":{"TEXT_INVOICE_EMAIL":{"en":"Email:"}}}}],"sub_2":[{"microtime":"1660909048.24629","block_name":"block-220103-2","widget_name":"invoice\\StoreEmail","widget_params":"","sort_order":"1","settings":[{"microtime":"1660909048.24629","setting_name":"font-weight","setting_value":"normal","language_id":0,"visibility":""},{"microtime":"1660909048.24629","setting_name":"text-align","setting_value":"right","language_id":0,"visibility":""},{"microtime":"1660909048.24629","setting_name":"font-size","setting_value":"12","language_id":0,"visibility":""}],"css":{"current":[]},"translation":[]}]},{"microtime":"1660909048.247695","block_name":"block-220099-3","widget_name":"BlockBox","widget_params":"","sort_order":"3","settings":[{"microtime":"1660909048.247695","setting_name":"block_type","setting_value":"6","language_id":0,"visibility":""},{"microtime":"1660909048.247695","setting_name":"font-weight","setting_value":"normal","language_id":0,"visibility":""},{"microtime":"1660909048.247695","setting_name":"font-size","setting_value":"16","language_id":0,"visibility":""}],"css":{"current":[]},"translation":[],"sub_1":[{"microtime":"1660909048.249323","block_name":"block-220106","widget_name":"Html_box","widget_params":"","sort_order":"0","settings":[{"microtime":"1660909048.249323","setting_name":"text","setting_value":"##TEXT_INVOICE_PHONE##","language_id":0,"visibility":""},{"microtime":"1660909048.249323","setting_name":"font-size","setting_value":"12","language_id":0,"visibility":""},{"microtime":"1660909048.249323","setting_name":"font-weight","setting_value":"400","language_id":0,"visibility":""},{"microtime":"1660909048.249323","setting_name":"text-align","setting_value":"right","language_id":0,"visibility":""}],"css":{"current":[]},"translation":{"main":{"TEXT_INVOICE_PHONE":{"en":"Phone:"}}}}],"sub_2":[{"microtime":"1660909048.251839","block_name":"block-220106-2","widget_name":"invoice\\StorePhone","widget_params":"","sort_order":"1","settings":[{"microtime":"1660909048.251839","setting_name":"font-weight","setting_value":"normal","language_id":0,"visibility":""},{"microtime":"1660909048.251839","setting_name":"text-align","setting_value":"right","language_id":0,"visibility":""},{"microtime":"1660909048.251839","setting_name":"font-size","setting_value":"12","language_id":0,"visibility":""}],"css":{"current":[]},"translation":[]}]},{"microtime":"1660909048.253440","block_name":"block-220099-3","widget_name":"Html_box","widget_params":"","sort_order":"1","settings":[{"microtime":"1660909048.253440","setting_name":"text","setting_value":"##TEXT_INVOICE_SOMETHING_WRONG##","language_id":0,"visibility":""},{"microtime":"1660909048.253440","setting_name":"font-size","setting_value":"12","language_id":0,"visibility":""},{"microtime":"1660909048.253440","setting_name":"font-weight","setting_value":"bold","language_id":0,"visibility":""},{"microtime":"1660909048.253440","setting_name":"text-align","setting_value":"right","language_id":0,"visibility":""}],"css":{"current":[]},"translation":{"main":{"TEXT_INVOICE_SOMETHING_WRONG":{"en":"If something has gone wrong please contact us at:"}}}}]},{"microtime":"1660909048.2643","block_name":"block-220072","widget_name":"invoice\\Products","widget_params":"","sort_order":"5","settings":[{"microtime":"1660909048.2643","setting_name":"font-weight","setting_value":"400","language_id":0,"visibility":""},{"microtime":"1660909048.2643","setting_name":"padding-top","setting_value":"20","language_id":0,"visibility":""},{"microtime":"1660909048.2643","setting_name":"padding-bottom","setting_value":"0","language_id":0,"visibility":""},{"microtime":"1660909048.2643","setting_name":"font-size","setting_value":"12","language_id":0,"visibility":""}],"css":{"current":[]},"translation":[]},{"microtime":"1660909048.26622","block_name":"block-220072","widget_name":"BlockBox","widget_params":"","sort_order":"7","settings":[{"microtime":"1660909048.26622","setting_name":"block_type","setting_value":"5","language_id":0,"visibility":""},{"microtime":"1660909048.26622","setting_name":"font-weight","setting_value":"normal","language_id":0,"visibility":""},{"microtime":"1660909048.26622","setting_name":"border-bottom-width","setting_value":"1","language_id":0,"visibility":""},{"microtime":"1660909048.26622","setting_name":"border-bottom-color","setting_value":"#e0e0e0","language_id":0,"visibility":""},{"microtime":"1660909048.26622","setting_name":"border-top-width","setting_value":"1","language_id":0,"visibility":""},{"microtime":"1660909048.26622","setting_name":"border-top-color","setting_value":"#e0e0e0","language_id":0,"visibility":""},{"microtime":"1660909048.26622","setting_name":"border-left-color","setting_value":"#e0e0e0","language_id":0,"visibility":""},{"microtime":"1660909048.26622","setting_name":"border-left-width","setting_value":"1","language_id":0,"visibility":""}],"css":{"current":[]},"translation":[],"sub_1":[{"microtime":"1660909048.268622","block_name":"block-220111","widget_name":"BlockBox","widget_params":"","sort_order":"1","settings":[{"microtime":"1660909048.268622","setting_name":"block_type","setting_value":"1","language_id":0,"visibility":""},{"microtime":"1660909048.268622","setting_name":"font-weight","setting_value":"normal","language_id":0,"visibility":""},{"microtime":"1660909048.268622","setting_name":"padding-top","setting_value":"10","language_id":0,"visibility":""},{"microtime":"1660909048.268622","setting_name":"padding-left","setting_value":"10","language_id":0,"visibility":""},{"microtime":"1660909048.268622","setting_name":"padding-right","setting_value":"10","language_id":0,"visibility":""}],"css":{"current":[]},"translation":[],"sub_1":[{"microtime":"1660909048.270675","block_name":"block-220112","widget_name":"invoice\\ShippingAddress","widget_params":"","sort_order":"2","settings":[{"microtime":"1660909048.270675","setting_name":"font-weight","setting_value":"400","language_id":0,"visibility":""},{"microtime":"1660909048.270675","setting_name":"line-height","setting_value":"120","language_id":0,"visibility":""},{"microtime":"1660909048.270675","setting_name":"line_height_measure","setting_value":"%","language_id":0,"visibility":""},{"microtime":"1660909048.270675","setting_name":"font-size","setting_value":"12","language_id":0,"visibility":""}],"css":{"current":[]},"translation":[]},{"microtime":"1660909048.27258","block_name":"block-220112","widget_name":"Html_box","widget_params":"","sort_order":"0","settings":[{"microtime":"1660909048.27258","setting_name":"text","setting_value":"##SHIPPING_ADDRESS##","language_id":0,"visibility":""},{"microtime":"1660909048.27258","setting_name":"font-size","setting_value":"14","language_id":0,"visibility":""},{"microtime":"1660909048.27258","setting_name":"text-transform","setting_value":"uppercase","language_id":0,"visibility":""},{"microtime":"1660909048.27258","setting_name":"font-weight","setting_value":"bold","language_id":0,"visibility":""},{"microtime":"1660909048.27258","setting_name":"padding-bottom","setting_value":"10","language_id":0,"visibility":""}],"css":{"current":[]},"translation":{"main":{"SHIPPING_ADDRESS":{"en":"Shipping address"}},"shopping-cart":{"SHIPPING_ADDRESS":{"en":"Shipping address"}}}}]}],"sub_2":[{"microtime":"1660909048.275589","block_name":"block-220111-2","widget_name":"BlockBox","widget_params":"","sort_order":"1","settings":[{"microtime":"1660909048.275589","setting_name":"block_type","setting_value":"1","language_id":0,"visibility":""},{"microtime":"1660909048.275589","setting_name":"background-color","setting_value":"#eeeeee","language_id":0,"visibility":""},{"microtime":"1660909048.275589","setting_name":"padding-top","setting_value":"20","language_id":0,"visibility":""},{"microtime":"1660909048.275589","setting_name":"padding-left","setting_value":"10","language_id":0,"visibility":""},{"microtime":"1660909048.275589","setting_name":"padding-right","setting_value":"10","language_id":0,"visibility":""},{"microtime":"1660909048.275589","setting_name":"padding-bottom","setting_value":"20","language_id":0,"visibility":""},{"microtime":"1660909048.275589","setting_name":"font-size","setting_value":"14","language_id":0,"visibility":""}],"css":{"current":[]},"translation":[],"sub_1":[{"microtime":"1660909048.27777","block_name":"block-220115","widget_name":"invoice\\Totals","widget_params":"","sort_order":"1","settings":[{"microtime":"1660909048.27777","setting_name":"font-weight","setting_value":"normal","language_id":0,"visibility":""},{"microtime":"1660909048.27777","setting_name":"text-align","setting_value":"right","language_id":0,"visibility":""},{"microtime":"1660909048.27777","setting_name":"font-size","setting_value":"12","language_id":0,"visibility":""},{"microtime":"1660909048.27777","setting_name":"box_align","setting_value":"3","language_id":0,"visibility":""}],"css":{"current":[]},"translation":[]}]}]},{"microtime":"1660909048.279553","block_name":"block-220072","widget_name":"BlockBox","widget_params":"","sort_order":"2","settings":[{"microtime":"1660909048.279553","setting_name":"block_type","setting_value":"2","language_id":0,"visibility":""},{"microtime":"1660909048.279553","setting_name":"font-weight","setting_value":"normal","language_id":0,"visibility":""},{"microtime":"1660909048.279553","setting_name":"padding-bottom","setting_value":"20","language_id":0,"visibility":""}],"css":{"current":[]},"translation":[],"sub_1":[{"microtime":"1660909075.3343","block_name":"block-220117","widget_name":"Logo","widget_params":"","sort_order":"0","settings":[{"microtime":"1660909075.3343","setting_name":"logo","setting_value":"theme\/img\/oscommerce_logo.jpg","language_id":"en","visibility":""}],"css":{"current":[]},"translation":[]}],"sub_2":[{"microtime":"1660909048.30936","block_name":"block-220117-2","widget_name":"BlockBox","widget_params":"","sort_order":"4","settings":[{"microtime":"1660909048.30936","setting_name":"block_type","setting_value":"11","language_id":0,"visibility":""},{"microtime":"1660909048.30936","setting_name":"font-weight","setting_value":"normal","language_id":0,"visibility":""}],"css":{"current":[]},"translation":[],"sub_1":[{"microtime":"1660909048.310567","block_name":"block-220119","widget_name":"Html_box","widget_params":"","sort_order":"0","settings":[{"microtime":"1660909048.310567","setting_name":"text","setting_value":"##TEXT_INVOICE_WEB##","language_id":0,"visibility":""},{"microtime":"1660909048.310567","setting_name":"text-align","setting_value":"right","language_id":0,"visibility":""}],"css":{"current":[]},"translation":{"main":{"TEXT_INVOICE_WEB":{"en":"Web:"}}}}],"sub_2":[{"microtime":"1660909048.313320","block_name":"block-220119-2","widget_name":"invoice\\StoreSite","widget_params":"","sort_order":"1","settings":[{"microtime":"1660909048.313320","setting_name":"font-weight","setting_value":"normal","language_id":0,"visibility":""},{"microtime":"1660909048.313320","setting_name":"text-align","setting_value":"right","language_id":0,"visibility":""}],"css":{"current":[]},"translation":[]}]},{"microtime":"1660909048.31568","block_name":"block-220117-2","widget_name":"BlockBox","widget_params":"","sort_order":"3","settings":[{"microtime":"1660909048.31568","setting_name":"block_type","setting_value":"11","language_id":0,"visibility":""},{"microtime":"1660909048.31568","setting_name":"font-weight","setting_value":"normal","language_id":0,"visibility":""}],"css":{"current":[]},"translation":[],"sub_1":[{"microtime":"1660909048.317999","block_name":"block-220122","widget_name":"Html_box","widget_params":"","sort_order":"0","settings":[{"microtime":"1660909048.317999","setting_name":"text","setting_value":"##TEXT_INVOICE_EMAIL##","language_id":0,"visibility":""},{"microtime":"1660909048.317999","setting_name":"font-weight","setting_value":"400","language_id":0,"visibility":""},{"microtime":"1660909048.317999","setting_name":"text-align","setting_value":"right","language_id":0,"visibility":""}],"css":{"current":[]},"translation":{"main":{"TEXT_INVOICE_EMAIL":{"en":"Email:"}}}}],"sub_2":[{"microtime":"1660909048.320963","block_name":"block-220122-2","widget_name":"invoice\\StoreEmail","widget_params":"","sort_order":"1","settings":[{"microtime":"1660909048.320963","setting_name":"font-weight","setting_value":"normal","language_id":0,"visibility":""},{"microtime":"1660909048.320963","setting_name":"text-align","setting_value":"right","language_id":0,"visibility":""}],"css":{"current":[]},"translation":[]}]},{"microtime":"1660909048.322759","block_name":"block-220117-2","widget_name":"BlockBox","widget_params":"","sort_order":"1","settings":[{"microtime":"1660909048.322759","setting_name":"block_type","setting_value":"1","language_id":0,"visibility":""}],"css":{"current":[]},"translation":[],"sub_1":[{"microtime":"1660909048.324413","block_name":"block-220125","widget_name":"invoice\\StoreAddress","widget_params":"","sort_order":"2","settings":[{"microtime":"1660909048.324413","setting_name":"font-weight","setting_value":"normal","language_id":0,"visibility":""},{"microtime":"1660909048.324413","setting_name":"text-align","setting_value":"right","language_id":0,"visibility":""},{"microtime":"1660909048.324413","setting_name":"padding-bottom","setting_value":"10","language_id":0,"visibility":""},{"microtime":"1660909048.324413","setting_name":"address_spacer","setting_value":",","language_id":0,"visibility":""},{"microtime":"1660909048.324413","setting_name":"font-size","setting_value":"12","language_id":0,"visibility":""}],"css":{"current":[]},"translation":[]}]},{"microtime":"1660909048.32738","block_name":"block-220117-2","widget_name":"BlockBox","widget_params":"","sort_order":"2","settings":[{"microtime":"1660909048.32738","setting_name":"block_type","setting_value":"11","language_id":0,"visibility":""},{"microtime":"1660909048.32738","setting_name":"font-weight","setting_value":"normal","language_id":0,"visibility":""}],"css":{"current":[]},"translation":[],"sub_1":[{"microtime":"1660909048.32915","block_name":"block-220127","widget_name":"Html_box","widget_params":"","sort_order":"0","settings":[{"microtime":"1660909048.32915","setting_name":"text","setting_value":"##TEXT_INVOICE_PHONE##","language_id":0,"visibility":""},{"microtime":"1660909048.32915","setting_name":"text-align","setting_value":"right","language_id":0,"visibility":""},{"microtime":"1660909048.32915","setting_name":"font-weight","setting_value":"400","language_id":0,"visibility":""}],"css":{"current":[]},"translation":{"main":{"TEXT_INVOICE_PHONE":{"en":"Phone:"}}}}],"sub_2":[{"microtime":"1660909048.331661","block_name":"block-220127-2","widget_name":"invoice\\StorePhone","widget_params":"","sort_order":"1","settings":[{"microtime":"1660909048.331661","setting_name":"font-weight","setting_value":"normal","language_id":0,"visibility":""},{"microtime":"1660909048.331661","setting_name":"text-align","setting_value":"right","language_id":0,"visibility":""}],"css":{"current":[]},"translation":[]}]}]},{"microtime":"1660909048.333334","block_name":"block-220072","widget_name":"invoice\\StructuredProducts","widget_params":"","sort_order":"6","settings":[{"microtime":"1660909048.333334","setting_name":"column_qty","setting_value":"1","language_id":0,"visibility":""},{"microtime":"1660909048.333334","setting_name":"column_name","setting_value":"1","language_id":0,"visibility":""},{"microtime":"1660909048.333334","setting_name":"column_model","setting_value":"1","language_id":0,"visibility":""}],"css":{"current":[]},"translation":[]}]}